Badge,First Name,Last Name,Company
9526643367,Tatum,Mcfadden,Ut Nec Urna Corp.
9146265108,Lavinia,Fields,Eget Massa Suspendisse Corporation
7677278662,Adrienne,Fisher,Quis Institute
9850489231,Alexis,Dean,Maecenas LLC
4770149167,Melinda,Solis,Mauris Vestibulum Neque Consulting
2055847433,Nadine,Clements,Pharetra Nibh Aliquam PC
2297795549,Patrick,Ryan,Semper Et Lacinia Institute
5876150687,Harper,Benson,Cum Sociis Natoque Associates
2622366589,Beck,Mathews,Erat Limited
3352023536,Chase,Mcintosh,Arcu Vivamus Sit Corporation
3369608136,Hedda,Buck,Ut Sem Nulla Consulting
6809001776,Gretchen,Rush,Justo Praesent Industries
7631557891,Britanni,Schwartz,Ornare Associates
2982333485,Joseph,Pate,Conubia Nostra PC
2400356294,Veronica,Zimmerman,Nisi Corp.
5424182613,Yvette,Freeman,Neque Nullam Associates
8992318242,Nigel,Nelson,Eget Venenatis A Ltd
8714476303,Kristen,Hoffman,Mi Ac Corp.
5824937292,Dustin,Colon,Enim Ltd
1316191920,Kylee,Parks,Lobortis Inc.